index,enhedsnummer,cvrnummer,eventtype,attribute,gyldigfra,gyldigtil
0,505299,86299410,navn,732519,1979-05-07,2011-10-31
1,505299,86299410,penhed,1002743637,1979-05-07,2011-10-31
2,505299,86299410,virksomhedsstatus,1,1979-05-07,2011-06-21
3,505299,86299410,virksomhedsstatus,9,2011-06-22,2011-10-30
4,505299,86299410,virksomhedsstatus,11,2011-10-31,2011-10-31
5,505299,86299410,virksomhedsform,60,1979-05-07,2011-10-31
6,505299,86299410,hovedbranche,439990,2008-01-01,2011-10-31
7,505299,86299410,hovedbranche,455000,1979-05-07,2007-12-31
8,505299,86299410,regnummer,55814,1979-05-07,1999-10-18
9,505299,86299410,telefonnummer,553508,2007-12-14,2011-10-31
10,508511,71312518,navn,1335385,1984-10-05,2200-01-01
11,508511,71312518,penhed,1002340305,1984-10-05,2200-01-01
12,508511,71312518,virksomhedsstatus,1,1984-10-05,2200-01-01
13,508511,71312518,virksomhedsform,60,1984-10-05,2200-01-01
14,508511,71312518,hovedbranche,411000,2012-01-01,2200-01-01
15,508511,71312518,hovedbranche,439990,2008-01-01,2011-12-31
16,508511,71312518,hovedbranche,452100,1984-10-05,2007-12-31
17,508511,71312518,bibranche1,412000,2012-01-01,2200-01-01
18,508511,71312518,bibranche1,711210,2008-01-02,2011-12-31
19,508511,71312518,bibranche1,742010,1984-10-05,2007-12-30
20,508511,71312518,regnummer,113904,1984-10-05,1999-10-18
21,508511,71312518,telefonnummer,847014,2000-01-23,2200-01-01
22,508511,71312518,elektroniskpost,847013,2000-01-23,2000-11-01
23,719644,61017313,navn,1936535,1981-11-16,2200-01-01
24,719644,61017313,penhed,1002125078,1981-11-16,2200-01-01
25,719644,61017313,penhed,1008262361,1990-05-01,1990-05-01
26,719644,61017313,virksomhedsstatus,1,1981-11-16,2200-01-01
27,719644,61017313,virksomhedsform,60,1981-11-16,2200-01-01
28,719644,61017313,hovedbranche,412000,2013-01-01,2200-01-01
29,719644,61017313,hovedbranche,439990,2008-01-01,2012-12-31
30,719644,61017313,hovedbranche,452100,1981-11-16,2007-12-31
31,719644,61017313,regnummer,155954,1981-11-16,1999-10-18
32,719644,61017313,telefonnummer,1513972,2000-01-23,2200-01-01
33,719644,61017313,telefaxnummer,1513975,2004-12-10,2200-01-01
34,1992307,15790342,navn,1523093,1991-12-30,1992-11-18
35,1992307,15790342,navn,1523094,1992-11-19,2200-01-01
36,1992307,15790342,binavn,1523095,1991-12-30,1992-11-18
37,1992307,15790342,binavn,1523096,1991-12-30,2200-01-01
38,1992307,15790342,binavn,1523097,1991-12-30,2200-01-01
39,1992307,15790342,binavn,1523098,1991-12-30,2200-01-01
40,1992307,15790342,binavn,1523099,1991-12-30,2200-01-01
41,1992307,15790342,penhed,1000979119,1991-12-30,2200-01-01
42,1992307,15790342,virksomhedsstatus,1,1991-12-30,2200-01-01
43,1992307,15790342,virksomhedsform,80,1991-12-30,2200-01-01
44,1992307,15790342,hovedbranche,439990,2008-01-01,2200-01-01
45,1992307,15790342,hovedbranche,454500,1991-12-30,2007-12-31
46,1992307,15790342,regnummer,126041,1991-12-30,1999-10-18
47,1992307,15790342,telefonnummer,1151540,2000-01-23,2002-04-23
48,1992307,15790342,telefonnummer,1151540,2002-06-21,2200-01-01
49,1992307,15790342,obligatoriskemail,1151541,2017-01-31,2200-01-01
50,2123614,11935281,navn,1409143,1988-01-01,1988-07-04
51,2123614,11935281,navn,1409144,1988-07-05,2008-04-02
52,2123614,11935281,penhed,1000301690,1988-01-01,2008-04-02
53,2123614,11935281,virksomhedsstatus,1,1988-01-01,2008-02-03
54,2123614,11935281,virksomhedsstatus,2,2008-02-04,2008-04-01
55,2123614,11935281,virksomhedsstatus,10,2008-04-02,2008-04-02
56,2123614,11935281,virksomhedsform,60,1988-01-01,2008-04-02
57,2123614,11935281,hovedbranche,439990,2008-01-01,2008-04-02
58,2123614,11935281,hovedbranche,452590,1988-01-01,2007-12-31
59,2123614,11935281,regnummer,118428,1988-01-01,1999-10-18
60,2123614,11935281,telefonnummer,1054096,2007-12-17,2008-04-02
61,2123614,11935281,telefaxnummer,1054097,2000-01-23,2008-04-02
62,2123614,11935281,elektroniskpost,1054095,2007-12-13,2008-04-02
63,2179656,17261533,navn,983817,1993-09-01,1994-03-28
64,2179656,17261533,navn,983818,1995-11-17,2014-01-07
65,2179656,17261533,navn,983819,1994-03-29,1995-11-16
66,2179656,17261533,binavn,983820,1993-09-01,1995-11-16
67,2179656,17261533,penhed,1003605481,1995-12-11,2014-01-07
68,2179656,17261533,penhed,1005877075,1993-09-01,1995-12-10
69,2179656,17261533,virksomhedsstatus,1,1993-09-01,2013-12-17
70,2179656,17261533,virksomhedsstatus,2,2013-12-18,2014-01-06
71,2179656,17261533,virksomhedsstatus,10,2014-01-07,2014-01-07
72,2179656,17261533,virksomhedsform,60,1993-09-01,2014-01-07
73,2179656,17261533,hovedbranche,295690,1993-09-01,2000-10-03
74,2179656,17261533,hovedbranche,439990,2008-01-01,2014-01-07
75,2179656,17261533,hovedbranche,452590,2000-10-04,2007-12-31
76,2179656,17261533,regnummer,82690,1993-09-01,1999-10-18
77,2179656,17261533,telefonnummer,135282,2001-05-21,2003-10-19
78,2198045,19288730,navn,479850,1996-05-13,2010-02-25
79,2198045,19288730,binavn,64911,1996-05-13,2010-03-04
80,2198045,19288730,penhed,1003754394,1996-05-13,2010-02-25
81,2198045,19288730,virksomhedsstatus,1,1996-05-13,2003-05-25
82,2198045,19288730,virksomhedsstatus,1,2003-08-18,2009-05-04
83,2198045,19288730,virksomhedsstatus,2,2003-05-26,2003-08-17
84,2198045,19288730,virksomhedsstatus,2,2009-05-05,2009-12-28
85,2198045,19288730,virksomhedsstatus,3,2009-12-29,2010-02-24
86,2198045,19288730,virksomhedsstatus,4,2010-02-25,2010-02-25
87,2198045,19288730,virksomhedsform,80,1996-05-13,2010-02-25
88,2198045,19288730,hovedbranche,439990,2008-01-01,2010-02-25
89,2198045,19288730,hovedbranche,454500,1996-05-13,2007-12-31
90,2198045,19288730,status,1,2010-01-06,2010-01-29
91,2198045,19288730,status,3,2010-01-30,2010-02-25
92,2198045,19288730,regnummer,34033,1996-05-13,1999-10-18
93,2215095,11968945,navn,2053258,1988-01-01,1988-04-28
94,2215095,11968945,navn,2053259,1988-04-29,2002-01-02
95,2215095,11968945,navn,2053260,2002-01-03,2016-09-20
96,2215095,11968945,navn,2053261,2016-09-21,2200-01-01
97,2215095,11968945,penhed,1000307651,1988-01-01,2012-01-31
98,2215095,11968945,penhed,1001663398,2004-01-01,2012-06-30
99,2215095,11968945,penhed,1013275471,2007-04-01,2012-06-30
100,2215095,11968945,penhed,1014568146,2008-07-07,2012-08-31
101,2215095,11968945,penhed,1014569452,2008-07-07,2008-07-07
102,2215095,11968945,penhed,1017990965,2012-02-01,2200-01-01
103,2215095,11968945,penhed,1018994514,2013-12-27,2200-01-01
104,2215095,11968945,penhed,1021399309,2016-05-09,2200-01-01
105,2215095,11968945,virksomhedsstatus,1,1988-01-01,2200-01-01
106,2215095,11968945,virksomhedsform,60,1988-01-01,2200-01-01
107,2215095,11968945,hovedbranche,14120,1988-01-01,2003-12-31
108,2215095,11968945,hovedbranche,439990,2008-01-01,2011-12-31
109,2215095,11968945,hovedbranche,452100,2004-01-01,2007-12-31
110,2215095,11968945,hovedbranche,813000,2012-01-01,2200-01-01
111,2215095,11968945,regnummer,163105,1994-02-09,1999-10-18
112,2215095,11968945,regnummer,163106,1988-01-01,1994-02-08
113,2215095,11968945,telefonnummer,517365,2013-10-07,2200-01-01
114,2215095,11968945,telefonnummer,1616265,2002-01-23,2002-03-21
115,2215095,11968945,telefaxnummer,1616266,2000-01-23,2002-01-22
116,2215095,11968945,telefaxnummer,1616266,2013-10-07,2200-01-01
117,2215095,11968945,elektroniskpost,1616264,2013-10-07,2200-01-01
118,2271065,19623106,navn,1529249,1996-10-01,1997-02-24
119,2271065,19623106,navn,1529250,1997-02-25,2000-02-29
120,2271065,19623106,navn,1529251,2000-03-01,2200-01-01
121,2271065,19623106,penhed,1004051945,1997-02-06,2200-01-01
122,2271065,19623106,penhed,1006090294,1996-10-01,1997-02-05
123,2271065,19623106,virksomhedsstatus,1,1996-10-01,2200-01-01
124,2271065,19623106,virksomhedsform,60,2000-03-01,2200-01-01
125,2271065,19623106,virksomhedsform,80,1996-10-01,2000-02-29
126,2271065,19623106,hovedbranche,439990,2008-01-01,2200-01-01
127,2271065,19623106,hovedbranche,452590,1996-10-01,2007-12-31
128,2271065,19623106,regnummer,126363,1996-10-01,1999-10-18
129,2271065,19623106,telefonnummer,1156693,2000-08-25,2001-05-20
130,2271065,19623106,telefonnummer,1156694,2001-11-29,2003-07-03
131,2271065,19623106,elektroniskpost,1156692,2002-03-13,2003-07-03
132,2314303,72012119,navn,1246618,1983-04-27,2200-01-01
133,2314303,72012119,binavn,1246619,1983-04-27,2200-01-01
134,2314303,72012119,penhed,1002359125,1983-04-27,2200-01-01
135,2314303,72012119,virksomhedsstatus,1,1983-04-27,2200-01-01
136,2314303,72012119,virksomhedsform,80,1983-04-27,2200-01-01
137,2314303,72012119,hovedbranche,439990,2008-01-01,2200-01-01
138,2314303,72012119,hovedbranche,452540,1983-04-27,2007-12-31
139,2314303,72012119,regnummer,105340,1983-04-27,1999-10-18
140,2314303,72012119,telefonnummer,931501,2001-05-21,2200-01-01
141,2314303,72012119,telefaxnummer,638387,2000-01-23,2001-05-20
142,2314303,72012119,elektroniskpost,931500,2013-07-23,2200-01-01
143,2378397,11755933,navn,1269853,1989-08-18,1990-06-01
144,2378397,11755933,navn,1748808,1987-12-01,1988-03-07
145,2378397,11755933,navn,1748809,1988-03-08,1989-08-17
146,2378397,11755933,navn,1748810,1990-06-02,2004-07-06
147,2378397,11755933,navn,1748811,2004-07-07,2007-12-19
148,2378397,11755933,navn,1748812,2007-12-20,2200-01-01
149,2378397,11755933,binavn,1748813,2016-02-05,2200-01-01
150,2378397,11755933,penhed,1000270250,1987-12-01,2200-01-01
151,2378397,11755933,virksomhedsstatus,1,1987-12-01,2200-01-01
152,2378397,11755933,virksomhedsform,60,1987-12-01,2004-07-06
153,2378397,11755933,virksomhedsform,80,2004-07-07,2200-01-01
154,2378397,11755933,hovedbranche,439990,2016-07-01,2200-01-01
155,2378397,11755933,hovedbranche,682040,2008-01-01,2016-06-30
156,2378397,11755933,hovedbranche,702040,1987-12-01,2007-12-31
157,2378397,11755933,regnummer,143778,1989-09-18,1999-10-18
158,2378397,11755933,regnummer,143779,1987-12-01,1989-09-17
159,2378904,79155128,navn,963366,1987-04-16,2012-03-10
160,2378904,79155128,navn,1545965,1985-09-20,1987-04-15
161,2378904,79155128,navn,1545966,2012-03-11,2013-03-11
162,2378904,79155128,navn,1545968,2013-03-12,2200-01-01
163,2378904,79155128,binavn,963366,1985-09-20,2013-03-12
164,2378904,79155128,binavn,1545969,2013-05-23,2200-01-01
165,2378904,79155128,penhed,1002573181,1985-09-20,2200-01-01
166,2378904,79155128,virksomhedsstatus,1,1985-09-20,2200-01-01
167,2378904,79155128,virksomhedsform,60,2013-03-12,2200-01-01
168,2378904,79155128,virksomhedsform,80,1985-09-20,2013-03-11
169,2378904,79155128,hovedbranche,439990,2012-08-29,2200-01-01
170,2378904,79155128,hovedbranche,731110,2008-01-01,2012-08-28
171,2378904,79155128,hovedbranche,744010,1985-09-20,2007-12-31
172,2378904,79155128,regnummer,127360,1985-09-20,1999-10-18
173,2378904,79155128,telefonnummer,918851,2000-05-15,2002-01-22
174,2378904,79155128,telefonnummer,1171614,2011-12-02,2011-12-08
175,2378904,79155128,telefaxnummer,839370,2000-05-15,2002-01-22
176,2378904,79155128,telefaxnummer,1171615,2007-02-26,2011-12-01
177,2378904,79155128,elektroniskpost,918850,2000-11-02,2002-01-22
178,2378904,79155128,elektroniskpost,1171613,2011-12-02,2011-12-08
179,2454960,14984046,navn,1049681,1996-07-12,2000-03-28
180,2454960,14984046,navn,1634121,1991-01-21,1991-08-26
181,2454960,14984046,navn,1634122,1991-08-27,1996-07-11
182,2454960,14984046,navn,1634123,2000-03-29,2200-01-01
183,2454960,14984046,penhed,1000839927,1991-01-21,2200-01-01
184,2454960,14984046,virksomhedsstatus,1,1991-01-21,2200-01-01
185,2454960,14984046,virksomhedsform,80,1991-01-21,2200-01-01
186,2454960,14984046,hovedbranche,439990,2008-01-01,2200-01-01
187,2454960,14984046,hovedbranche,452510,1991-01-21,2000-06-21
188,2454960,14984046,hovedbranche,455000,2000-06-22,2007-12-31
189,2454960,14984046,regnummer,134931,1991-01-21,1999-10-18
190,2454960,14984046,telefonnummer,780749,2000-05-17,2013-01-07
191,2454960,14984046,telefaxnummer,780750,2000-05-17,2000-08-24
192,2454960,14984046,elektroniskpost,1211091,2011-01-15,2200-01-01
193,2506764,20982799,navn,1305409,1998-04-15,2000-02-16
194,2506764,20982799,navn,1305410,2000-02-17,2200-01-01
195,2506764,20982799,binavn,1305411,2016-03-11,2200-01-01
196,2506764,20982799,binavn,1305412,2016-03-11,2200-01-01
197,2506764,20982799,penhed,1004673411,1998-04-15,2000-07-14
198,2506764,20982799,penhed,1007789951,2000-07-15,2200-01-01
199,2506764,20982799,virksomhedsstatus,1,1998-04-15,2013-05-05
200,2506764,20982799,virksomhedsstatus,1,2013-06-06,2200-01-01
201,2506764,20982799,virksomhedsstatus,2,2013-05-06,2013-06-05
202,2506764,20982799,virksomhedsform,80,1998-04-15,2200-01-01
203,2506764,20982799,hovedbranche,439990,2009-01-01,2200-01-01
204,2506764,20982799,hovedbranche,980000,1998-04-15,2007-12-31
205,2506764,20982799,hovedbranche,999999,2008-01-01,2008-12-31
206,2506764,20982799,regnummer,110837,1998-04-15,1999-10-18
207,2544496,25349369,navn,1282185,2000-05-01,2001-10-22
208,2544496,25349369,navn,1282186,2001-10-23,2008-10-27
209,2544496,25349369,navn,1282187,2008-10-28,2200-01-01
210,2544496,25349369,binavn,1282185,2000-05-01,2200-01-01
211,2544496,25349369,binavn,1282186,2000-05-01,2001-10-23
212,2544496,25349369,binavn,1282186,2000-05-01,2200-01-01
213,2544496,25349369,penhed,1007597297,2000-05-01,2200-01-01
214,2544496,25349369,virksomhedsstatus,1,2000-05-01,2200-01-01
215,2544496,25349369,virksomhedsform,80,2000-05-01,2200-01-01
216,2544496,25349369,hovedbranche,439990,2014-11-08,2200-01-01
217,2544496,25349369,hovedbranche,452100,2000-05-01,2003-06-30
218,2544496,25349369,hovedbranche,682030,2008-01-01,2008-12-31
219,2544496,25349369,hovedbranche,682040,2009-01-01,2014-11-07
220,2544496,25349369,hovedbranche,702030,2003-07-01,2007-12-31
221,2544496,25349369,elektroniskpost,956479,2009-01-01,2200-01-01
222,2587745,25191153,navn,2084750,2000-02-10,2000-04-13
223,2587745,25191153,navn,2084751,2000-04-14,2200-01-01
224,2587745,25191153,penhed,1007355757,2000-02-10,2200-01-01
225,2587745,25191153,penhed,1020519521,2015-06-01,2200-01-01
226,2587745,25191153,virksomhedsstatus,1,2000-02-10,2200-01-01
227,2587745,25191153,virksomhedsform,60,2000-04-14,2200-01-01
228,2587745,25191153,virksomhedsform,80,2000-02-10,2000-04-13
229,2587745,25191153,hovedbranche,292100,2000-03-06,2007-12-31
230,2587745,25191153,hovedbranche,402000,2000-02-24,2000-03-05
231,2587745,25191153,hovedbranche,422100,2014-01-01,2015-03-10
232,2587745,25191153,hovedbranche,429000,2008-01-01,2013-12-31
233,2587745,25191153,hovedbranche,439990,2015-03-11,2200-01-01
234,2587745,25191153,hovedbranche,980000,2000-02-10,2000-02-23
235,2587745,25191153,telefonnummer,1645110,2000-09-20,2200-01-01
236,2587745,25191153,telefaxnummer,1645111,2000-09-20,2200-01-01
237,2592812,25448472,navn,1204416,2000-06-14,2013-02-19
238,2592812,25448472,penhed,1007714455,2000-06-14,2013-02-19
239,2592812,25448472,virksomhedsstatus,1,2000-06-14,2002-11-24
240,2592812,25448472,virksomhedsstatus,1,2002-12-16,2011-11-06
241,2592812,25448472,virksomhedsstatus,2,2002-11-25,2002-12-15
242,2592812,25448472,virksomhedsstatus,2,2011-11-07,2012-01-17
243,2592812,25448472,virksomhedsstatus,3,2012-01-18,2013-02-18
244,2592812,25448472,virksomhedsstatus,4,2013-02-19,2013-02-19
245,2592812,25448472,virksomhedsform,80,2000-06-14,2013-02-19
246,2592812,25448472,hovedbranche,439990,2009-01-01,2013-02-19
247,2592812,25448472,hovedbranche,980000,2000-06-14,2007-12-31
248,2592812,25448472,hovedbranche,999999,2008-01-01,2008-12-31
249,2592812,25448472,bibranche1,477890,2010-09-01,2013-02-19
250,2592812,25448472,status,1,2012-01-24,2013-01-07
251,2592812,25448472,status,3,2013-01-08,2013-02-19
252,2592812,25448472,telefonnummer,897186,2010-09-01,2013-02-19
253,2621186,25925750,navn,1031492,2001-03-04,2011-10-24
254,2621186,25925750,navn,1031493,2011-10-25,2200-01-01
255,2621186,25925750,binavn,1031494,2001-03-04,2200-01-01
256,2621186,25925750,penhed,1008275382,2001-03-04,2200-01-01
257,2621186,25925750,virksomhedsstatus,1,2001-03-04,2016-04-19
258,2621186,25925750,virksomhedsstatus,2,2016-04-20,2016-06-14
259,2621186,25925750,virksomhedsstatus,3,2016-06-15,2200-01-01
260,2621186,25925750,virksomhedsform,60,2001-03-04,2200-01-01
261,2621186,25925750,hovedbranche,439990,2011-10-27,2200-01-01
262,2621186,25925750,hovedbranche,642020,2009-01-01,2011-10-26
263,2621186,25925750,hovedbranche,980000,2001-03-04,2007-12-31
264,2621186,25925750,hovedbranche,999999,2008-01-01,2008-12-31
265,2621186,25925750,status,1,2016-06-15,2017-03-29
266,2621186,25925750,status,3,2017-03-30,2200-01-01
267,2640301,21746630,navn,485243,1998-12-28,2200-01-01
268,2640301,21746630,penhed,1002184079,1999-10-01,2200-01-01
269,2640301,21746630,penhed,1006307689,1998-12-28,1999-09-30
270,2640301,21746630,virksomhedsstatus,1,1998-12-28,2200-01-01
271,2640301,21746630,virksomhedsform,60,1998-12-28,2200-01-01
272,2640301,21746630,hovedbranche,439990,2008-01-01,2200-01-01
273,2640301,21746630,hovedbranche,452540,1998-12-28,2007-12-31
274,2640301,21746630,regnummer,169683,1998-12-28,1999-10-18
275,2640301,21746630,telefonnummer,1725007,2002-06-21,2004-06-07
276,2640301,21746630,telefonnummer,1725007,2013-09-06,2200-01-01
277,2640301,21746630,telefaxnummer,1725008,2003-10-20,2004-06-07
278,2640301,21746630,elektroniskpost,1725006,2013-09-06,2200-01-01
279,2652775,24213498,navn,1787135,1999-10-01,2000-01-02
280,2652775,24213498,navn,1787136,2000-01-03,2007-07-31
281,2652775,24213498,navn,1787137,2007-08-01,2200-01-01
282,2652775,24213498,binavn,1787136,1999-10-01,2200-01-01
283,2652775,24213498,binavn,1787138,1999-10-01,2200-01-01
284,2652775,24213498,penhed,1006413703,1999-10-01,2200-01-01
285,2652775,24213498,penhed,1018192019,2013-01-14,2014-11-03
286,2652775,24213498,virksomhedsstatus,1,1999-10-01,2014-11-02
287,2652775,24213498,virksomhedsstatus,3,2014-11-03,2200-01-01
288,2652775,24213498,virksomhedsform,60,1999-10-01,2200-01-01
289,2652775,24213498,hovedbranche,14120,2000-03-13,2007-12-31
290,2652775,24213498,hovedbranche,439990,2009-09-30,2012-12-31
291,2652775,24213498,hovedbranche,813000,2008-01-01,2009-09-29
292,2652775,24213498,hovedbranche,813000,2013-01-01,2200-01-01
293,2652775,24213498,hovedbranche,980000,1999-10-01,2000-03-12
294,2652775,24213498,status,1,2014-11-05,2016-07-07
295,2652775,24213498,status,5,2016-07-08,2016-11-02
296,2652775,24213498,status,5,2016-11-03,2200-01-01
297,2652775,24213498,regnummer,147115,1999-10-01,1999-10-18
298,2652775,24213498,telefonnummer,1203730,2009-09-30,2200-01-01
299,2652775,24213498,telefaxnummer,783020,2000-05-17,2200-01-01
300,2652775,24213498,elektroniskpost,1370693,2014-01-01,2014-01-01
301,2652775,24213498,elektroniskpost,1370694,2014-01-02,2200-01-01
302,2669870,21243787,navn,1800511,1998-11-23,2200-01-01
303,2669870,21243787,binavn,1800512,1998-11-23,2200-01-01
304,2669870,21243787,penhed,1004792241,1998-11-23,2200-01-01
305,2669870,21243787,virksomhedsstatus,1,1998-11-23,2200-01-01
306,2669870,21243787,virksomhedsform,80,1998-11-23,2200-01-01
307,2669870,21243787,hovedbranche,439990,2008-01-01,2200-01-01
308,2669870,21243787,hovedbranche,452590,2003-01-01,2007-12-31
309,2669870,21243787,hovedbranche,454200,1999-10-18,2002-12-31
310,2669870,21243787,hovedbranche,454310,1998-11-23,1999-10-17
311,2669870,21243787,regnummer,148555,1998-11-23,1999-10-18
312,2669870,21243787,telefonnummer,690421,2000-04-18,2002-10-06
313,2669870,21243787,telefonnummer,690421,2004-01-23,2200-01-01
314,2669870,21243787,telefaxnummer,690424,2001-05-21,2002-10-06
315,2669870,21243787,telefaxnummer,690424,2004-06-08,2200-01-01
316,2669870,21243787,elektroniskpost,690420,2000-01-23,2002-10-06
317,2669870,21243787,elektroniskpost,690420,2004-02-24,2200-01-01
318,2673348,26094992,navn,1880763,2001-05-01,2016-04-11
319,2673348,26094992,binavn,1880764,2001-05-01,2014-12-21
320,2673348,26094992,binavn,1880765,2001-05-01,2016-04-11
321,2673348,26094992,binavn,1880766,2001-05-01,2016-04-11
322,2673348,26094992,penhed,1008506449,2001-05-01,2016-04-11
323,2673348,26094992,virksomhedsstatus,1,2001-05-01,2016-03-08
324,2673348,26094992,virksomhedsstatus,2,2016-03-09,2016-04-10
325,2673348,26094992,virksomhedsstatus,10,2016-04-11,2016-04-11
326,2673348,26094992,virksomhedsform,80,2001-05-01,2016-04-11
327,2673348,26094992,hovedbranche,439990,2014-12-21,2016-04-11
328,2673348,26094992,hovedbranche,683110,2008-01-01,2014-12-20
329,2673348,26094992,hovedbranche,703110,2001-05-01,2007-12-31
330,2673348,26094992,bibranche1,692000,2014-12-21,2016-04-11
331,2680180,10036518,navn,844625,2003-08-27,2010-06-03
332,2680180,10036518,navn,844626,2000-07-01,2001-03-12
333,2680180,10036518,navn,844627,2001-03-13,2003-08-26
334,2680180,10036518,penhed,1007756549,2000-07-01,2010-06-03
335,2680180,10036518,virksomhedsstatus,1,2000-07-01,2009-09-03
336,2680180,10036518,virksomhedsstatus,9,2009-09-04,2010-06-02
337,2680180,10036518,virksomhedsstatus,11,2010-06-03,2010-06-03
338,2680180,10036518,virksomhedsform,60,2000-07-01,2010-06-03
339,2680180,10036518,hovedbranche,439990,2008-01-01,2010-06-03
340,2680180,10036518,hovedbranche,454500,2000-07-01,2007-12-31
341,2680180,10036518,telefonnummer,630303,2001-05-21,2002-12-21
342,2680180,10036518,telefonnummer,630303,2003-01-13,2010-06-03
343,2680180,10036518,telefaxnummer,630304,2001-08-23,2002-12-21
344,2680180,10036518,telefaxnummer,630304,2003-05-08,2010-06-03
345,2680180,10036518,elektroniskpost,630302,2001-08-23,2002-12-21
346,2680180,10036518,elektroniskpost,630302,2003-01-13,2010-06-03
347,2687168,26142636,navn,1614760,2001-07-02,2200-01-01
348,2687168,26142636,penhed,1008560737,2001-07-02,2200-01-01
349,2687168,26142636,virksomhedsstatus,1,2001-07-02,2200-01-01
350,2687168,26142636,virksomhedsform,80,2001-07-02,2200-01-01
351,2687168,26142636,hovedbranche,439990,2008-01-01,2200-01-01
352,2687168,26142636,hovedbranche,452590,2001-10-01,2007-12-31
353,2687168,26142636,hovedbranche,980000,2001-07-02,2001-09-30
354,2687168,26142636,elektroniskpost,1230344,2015-01-01,2016-01-27
355,2687168,26142636,elektroniskpost,1230345,2016-01-28,2200-01-01
356,2694676,13614989,navn,1834054,1989-11-22,2200-01-01
357,2694676,13614989,penhed,1000594907,1989-11-22,2200-01-01
358,2694676,13614989,virksomhedsstatus,1,1989-11-22,2200-01-01
359,2694676,13614989,virksomhedsform,80,1989-11-22,2200-01-01
360,2694676,13614989,hovedbranche,439990,2008-01-01,2200-01-01
361,2694676,13614989,hovedbranche,455000,1989-11-22,2007-12-31
362,2694676,13614989,regnummer,151384,1989-11-22,1999-10-18
363,2694676,13614989,telefonnummer,1159087,2000-01-23,2200-01-01
364,2704222,77107010,navn,1520057,1984-12-18,2200-01-01
365,2704222,77107010,penhed,1002511429,1984-12-18,2200-01-01
366,2704222,77107010,virksomhedsstatus,1,1984-12-18,2200-01-01
367,2704222,77107010,virksomhedsform,60,1984-12-18,2200-01-01
368,2704222,77107010,hovedbranche,439990,2008-01-01,2200-01-01
369,2704222,77107010,hovedbranche,452540,1984-12-18,2007-12-31
370,2704222,77107010,regnummer,125824,1991-02-08,1999-10-18
371,2704222,77107010,regnummer,125825,1984-12-18,1991-02-07
372,2704222,77107010,telefonnummer,1148944,2000-01-23,2001-11-27
373,2704222,77107010,telefaxnummer,1148945,2000-01-23,2001-11-27
374,2712954,25358481,navn,2347820,2000-05-01,2200-01-01
375,2712954,25358481,penhed,1007633048,2000-05-01,2200-01-01
376,2712954,25358481,virksomhedsstatus,1,2000-05-01,2200-01-01
377,2712954,25358481,virksomhedsform,60,2000-05-01,2200-01-01
378,2712954,25358481,hovedbranche,439990,2008-01-01,2200-01-01
379,2712954,25358481,hovedbranche,452100,2000-05-01,2007-12-31
380,2712954,25358481,telefonnummer,1871890,2000-08-25,2200-01-01
381,2712954,25358481,telefaxnummer,309189,2000-08-25,2012-04-23
382,2712954,25358481,elektroniskpost,1807623,2011-06-27,2200-01-01
383,2754472,16999474,navn,1582830,1993-05-17,2001-12-19
384,2754472,16999474,navn,1582831,2001-12-20,2200-01-01
385,2754472,16999474,penhed,1001201120,1993-05-17,2200-01-01
386,2754472,16999474,virksomhedsstatus,1,1993-05-17,2200-01-01
387,2754472,16999474,virksomhedsform,60,1993-05-17,2200-01-01
388,2754472,16999474,hovedbranche,439990,2008-01-01,2011-08-08
389,2754472,16999474,hovedbranche,452540,1993-05-17,2007-12-31
390,2754472,16999474,hovedbranche,642010,2011-08-09,2200-01-01
391,2754472,16999474,regnummer,130300,1993-05-17,1999-10-18
392,2754472,16999474,telefonnummer,1203526,2000-01-23,2002-01-28
393,2754472,16999474,telefonnummer,1203527,2007-06-08,2011-08-09
394,2754472,16999474,telefaxnummer,1203528,2000-01-23,2002-01-28
395,2754472,16999474,elektroniskpost,1203524,2001-05-21,2002-01-28
396,2754472,16999474,elektroniskpost,1203525,2011-08-10,2200-01-01
397,2765582,25902165,navn,741256,2010-08-01,2013-01-07
398,2765582,25902165,navn,741257,2001-02-16,2010-07-31
399,2765582,25902165,penhed,1007677983,2001-02-16,2013-01-07
400,2765582,25902165,virksomhedsstatus,1,2001-02-16,2010-08-11
401,2765582,25902165,virksomhedsstatus,3,2010-08-12,2013-01-06
402,2765582,25902165,virksomhedsstatus,4,2013-01-07,2013-01-07
403,2765582,25902165,virksomhedsform,80,2001-02-16,2013-01-07
404,2765582,25902165,hovedbranche,431200,2008-01-01,2009-01-07
405,2765582,25902165,hovedbranche,439990,2009-01-08,2013-01-07
406,2765582,25902165,hovedbranche,451100,2001-02-16,2007-12-31
407,2765582,25902165,status,1,2010-08-17,2010-12-10
408,2765582,25902165,status,3,2013-12-13,2200-01-01
409,2765582,25902165,status,5,2010-12-11,2013-01-07
410,2765582,25902165,telefonnummer,559984,2001-05-21,2013-01-07
411,2765582,25902165,elektroniskpost,559983,2008-10-31,2013-01-07
412,2783486,25144317,navn,1857195,1999-12-31,2200-01-01
413,2783486,25144317,penhed,1007353703,1999-12-31,2200-01-01
414,2783486,25144317,virksomhedsstatus,1,1999-12-31,2200-01-01
415,2783486,25144317,virksomhedsform,80,1999-12-31,2200-01-01
416,2783486,25144317,hovedbranche,439990,2008-01-01,2200-01-01
417,2783486,25144317,hovedbranche,452520,2000-01-26,2007-12-31
418,2783486,25144317,hovedbranche,980000,1999-12-31,2000-01-25
419,2783486,25144317,telefonnummer,1431978,2000-05-17,2200-01-01
420,2783486,25144317,telefaxnummer,1431979,2000-05-17,2200-01-01
421,2809029,26586054,navn,1025225,2002-04-30,2007-02-27
422,2809029,26586054,navn,1025226,2007-02-28,2012-01-19
423,2809029,26586054,navn,1025227,2012-01-20,2200-01-01
424,2809029,26586054,penhed,1009081883,2002-04-30,2200-01-01
425,2809029,26586054,virksomhedsstatus,1,2002-04-30,2200-01-01
426,2809029,26586054,virksomhedsform,80,2002-04-30,2200-01-01
427,2809029,26586054,hovedbranche,439990,2012-01-24,2200-01-01
428,2809029,26586054,hovedbranche,980000,2002-04-30,2007-12-31
429,2809029,26586054,hovedbranche,999999,2008-01-01,2012-01-23
430,2809029,26586054,telefonnummer,206645,2012-01-24,2014-06-11
431,2809029,26586054,telefonnummer,764517,2014-06-12,2200-01-01
432,2809029,26586054,elektroniskpost,635113,2011-06-27,2014-06-11
433,2809029,26586054,elektroniskpost,764516,2014-06-12,2200-01-01
434,2859224,25202155,navn,2378668,2000-01-30,2200-01-01
435,2859224,25202155,penhed,1007416195,2000-01-30,2200-01-01
436,2859224,25202155,virksomhedsstatus,1,2000-01-30,2200-01-01
437,2859224,25202155,virksomhedsform,80,2000-01-30,2200-01-01
438,2859224,25202155,hovedbranche,439990,2008-01-01,2200-01-01
439,2859224,25202155,hovedbranche,454500,2000-06-19,2007-12-31
440,2859224,25202155,hovedbranche,980000,2000-01-30,2000-06-18
441,2927593,13087636,navn,1281731,1989-05-17,2011-10-10
442,2927593,13087636,penhed,1000497533,1989-05-17,2011-10-10
443,2927593,13087636,virksomhedsstatus,1,1989-05-17,2010-12-28
444,2927593,13087636,virksomhedsstatus,9,2010-12-29,2011-10-09
445,2927593,13087636,virksomhedsstatus,11,2011-10-10,2011-10-10
446,2927593,13087636,virksomhedsform,80,1989-05-17,2011-10-10
447,2927593,13087636,hovedbranche,285200,1989-05-17,2007-12-31
448,2927593,13087636,hovedbranche,439990,2008-01-01,2011-10-10
449,2927593,13087636,regnummer,108577,1989-05-17,1999-10-18
450,2927593,13087636,telefonnummer,956112,2000-01-23,2004-12-09
451,2927593,13087636,telefonnummer,956115,2010-12-31,2011-10-10
452,2949852,27033504,navn,1557615,2003-02-15,2200-01-01
453,2949852,27033504,penhed,1009723400,2003-02-15,2200-01-01
454,2949852,27033504,virksomhedsstatus,1,2003-02-15,2015-10-19
455,2949852,27033504,virksomhedsstatus,2,2015-10-20,2016-01-27
456,2949852,27033504,virksomhedsstatus,3,2016-01-28,2200-01-01
457,2949852,27033504,virksomhedsform,80,2003-02-15,2200-01-01
458,2949852,27033504,hovedbranche,439990,2014-04-01,2200-01-01
459,2949852,27033504,hovedbranche,642020,2009-01-01,2014-03-31
460,2949852,27033504,hovedbranche,980000,2003-02-15,2007-12-31
461,2949852,27033504,hovedbranche,999999,2008-01-01,2008-12-31
462,2949852,27033504,bibranche1,561010,2015-04-23,2200-01-01
463,2949852,27033504,status,1,2016-01-28,2200-01-01
464,2949852,27033504,telefonnummer,1174189,2010-05-11,2015-05-01
465,2949852,27033504,telefonnummer,1181707,2015-05-02,2200-01-01
466,2949852,27033504,elektroniskpost,616911,2010-05-11,2015-05-02
467,2949852,27033504,obligatoriskemail,616911,2015-04-23,2200-01-01
468,2997008,25376617,navn,60438,2000-05-09,2014-01-14
469,2997008,25376617,penhed,1007662234,2000-05-23,2014-01-14
470,2997008,25376617,penhed,1007701582,2000-05-09,2000-05-23
471,2997008,25376617,virksomhedsstatus,1,2000-05-09,2009-08-27
472,2997008,25376617,virksomhedsstatus,2,2009-08-28,2009-09-02
473,2997008,25376617,virksomhedsstatus,3,2009-09-03,2010-01-13
474,2997008,25376617,virksomhedsstatus,3,2010-02-18,2014-01-13
475,2997008,25376617,virksomhedsstatus,4,2014-01-14,2014-01-14
476,2997008,25376617,virksomhedsstatus,9,2010-01-14,2010-02-17
477,2997008,25376617,virksomhedsform,60,2000-05-09,2014-01-14
478,2997008,25376617,hovedbranche,439990,2008-01-01,2014-01-14
479,2997008,25376617,hovedbranche,452540,2000-05-09,2007-12-31
480,2997008,25376617,status,1,2010-02-27,2013-09-06
481,2997008,25376617,status,3,2013-12-21,2200-01-01
482,2997008,25376617,status,5,2013-09-07,2013-12-20
483,3070189,18605201,navn,2120738,1995-06-23,2200-01-01
484,3070189,18605201,penhed,1003496794,1995-06-23,2200-01-01
485,3070189,18605201,virksomhedsstatus,1,1995-06-23,2200-01-01
486,3070189,18605201,virksomhedsform,60,1995-06-23,2200-01-01
487,3070189,18605201,hovedbranche,431200,2008-01-01,2012-12-31
488,3070189,18605201,hovedbranche,439990,2013-01-01,2200-01-01
489,3070189,18605201,hovedbranche,451100,1995-06-23,2007-12-31
490,3070189,18605201,regnummer,166633,1995-06-23,1999-10-18
491,3070189,18605201,telefonnummer,735656,2000-01-23,2200-01-01
492,3070189,18605201,telefaxnummer,735657,2002-01-23,2200-01-01
493,3076586,27434770,navn,991292,2003-11-13,2011-10-03
494,3076586,27434770,navn,991293,2011-10-04,2015-03-18
495,3076586,27434770,navn,991294,2015-03-19,2015-11-10
496,3076586,27434770,penhed,1010206568,2003-11-13,2015-11-10
497,3076586,27434770,virksomhedsstatus,1,2003-11-13,2015-10-11
498,3076586,27434770,virksomhedsstatus,2,2015-10-12,2015-11-09
499,3076586,27434770,virksomhedsstatus,10,2015-11-10,2015-11-10
500,3076586,27434770,virksomhedsform,80,2003-11-13,2015-11-10
501,3076586,27434770,hovedbranche,439990,2011-10-01,2015-11-10
502,3076586,27434770,hovedbranche,980000,2003-11-13,2007-12-31
503,3076586,27434770,hovedbranche,999999,2008-01-01,2011-09-30
504,3076586,27434770,telefonnummer,740132,2011-10-12,2015-11-10
505,3096398,27379192,navn,1960278,2003-10-06,2015-05-21
506,3096398,27379192,navn,1960279,2015-05-22,2200-01-01
507,3096398,27379192,penhed,1010139488,2003-10-06,2200-01-01
508,3096398,27379192,virksomhedsstatus,1,2003-10-06,2015-06-29
509,3096398,27379192,virksomhedsstatus,3,2015-06-30,2200-01-01
510,3096398,27379192,virksomhedsform,80,2003-10-06,2200-01-01
511,3096398,27379192,hovedbranche,439990,2008-01-01,2200-01-01
512,3096398,27379192,hovedbranche,454500,2004-01-01,2007-12-31
513,3096398,27379192,hovedbranche,980000,2003-10-06,2003-12-31
514,3096398,27379192,status,1,2015-06-30,2016-01-08
515,3096398,27379192,status,5,2016-01-09,2017-03-23
516,3096398,27379192,status,5,2017-03-24,2200-01-01
517,3096398,27379192,telefonnummer,1535337,2010-06-24,2013-11-10
518,3096398,27379192,elektroniskpost,1535332,2004-02-15,2004-12-09
519,3096399,27379206,navn,1993795,2003-10-06,2200-01-01
520,3096399,27379206,penhed,1010139518,2003-10-06,2200-01-01
521,3096399,27379206,virksomhedsstatus,1,2003-10-06,2009-08-30
522,3096399,27379206,virksomhedsstatus,1,2009-09-07,2200-01-01
523,3096399,27379206,virksomhedsstatus,2,2009-08-31,2009-09-06
524,3096399,27379206,virksomhedsform,80,2003-10-06,2200-01-01
525,3096399,27379206,hovedbranche,439990,2008-01-01,2200-01-01
526,3096399,27379206,hovedbranche,454500,2004-01-01,2007-12-31
527,3096399,27379206,hovedbranche,980000,2003-10-06,2003-12-31
528,3096399,27379206,bibranche1,682040,2012-07-01,2015-12-15
529,3096399,27379206,telefonnummer,1184432,2005-11-30,2014-05-11
530,3096399,27379206,elektroniskpost,1183046,2011-08-04,2015-12-13
531,3096399,27379206,elektroniskpost,1183047,2015-12-14,2200-01-01
532,3133773,27565433,navn,116753,2006-06-29,2200-01-01
533,3133773,27565433,navn,1799214,2004-01-28,2006-06-28
534,3133773,27565433,penhed,1010355830,2004-01-28,2200-01-01
535,3133773,27565433,virksomhedsstatus,1,2004-01-28,2200-01-01
536,3133773,27565433,virksomhedsform,80,2004-01-28,2200-01-01
537,3133773,27565433,hovedbranche,439990,2008-01-01,2200-01-01
538,3133773,27565433,hovedbranche,454500,2004-01-29,2007-12-31
539,3133773,27565433,hovedbranche,980000,2004-01-28,2004-01-28
540,3133773,27565433,elektroniskpost,1378996,2008-11-19,2200-01-01
541,3143196,26106966,navn,2113757,2001-06-15,2200-01-01
542,3143196,26106966,penhed,1008520085,2001-06-15,2200-01-01
543,3143196,26106966,virksomhedsstatus,1,2001-06-15,2200-01-01
544,3143196,26106966,virksomhedsform,80,2001-06-15,2200-01-01
545,3143196,26106966,hovedbranche,431200,2008-01-01,2009-08-18
546,3143196,26106966,hovedbranche,439990,2009-08-19,2200-01-01
547,3143196,26106966,hovedbranche,451100,2001-06-15,2007-12-31
548,3143196,26106966,telefonnummer,1253349,2009-08-19,2200-01-01
549,3143196,26106966,telefaxnummer,164967,2006-01-17,2200-01-01
550,3151918,21536989,navn,1496935,1998-11-06,1998-11-25
551,3151918,21536989,navn,1496936,1998-11-26,2003-11-09
552,3151918,21536989,navn,1496937,2003-11-10,2200-01-01
553,3151918,21536989,penhed,1005004349,1998-11-06,2200-01-01
554,3151918,21536989,virksomhedsstatus,1,1998-11-06,2200-01-01
555,3151918,21536989,virksomhedsform,80,1998-11-06,2200-01-01
556,3151918,21536989,hovedbranche,439990,2012-06-04,2016-09-19
557,3151918,21536989,hovedbranche,642020,2008-01-01,2012-06-03
558,3151918,21536989,hovedbranche,642020,2016-09-20,2200-01-01
559,3151918,21536989,hovedbranche,741500,1998-11-06,2007-12-31
560,3151918,21536989,regnummer,124182,1998-11-06,1999-10-18
561,3151918,21536989,telefonnummer,1130288,2000-01-23,2004-02-14
562,3151918,21536989,telefaxnummer,1130289,2000-01-23,2004-02-14
563,3194754,21831530,navn,2218463,1999-07-01,2200-01-01
564,3194754,21831530,binavn,2218464,1999-07-01,2200-01-01
565,3194754,21831530,penhed,1005238986,1999-07-01,2200-01-01
566,3194754,21831530,virksomhedsstatus,1,1999-07-01,2200-01-01
567,3194754,21831530,virksomhedsform,80,1999-07-01,2200-01-01
568,3194754,21831530,hovedbranche,432200,2008-01-01,2010-12-15
569,3194754,21831530,hovedbranche,439990,2010-12-16,2200-01-01
570,3194754,21831530,hovedbranche,453300,1999-07-01,2007-12-31
571,3194754,21831530,bibranche1,432200,2010-12-17,2200-01-01
572,3194754,21831530,regnummer,173303,1999-07-01,1999-10-18
573,3194754,21831530,telefonnummer,1757818,2000-01-23,2000-08-24
574,3194754,21831530,telefonnummer,1757821,2007-01-28,2014-02-03
575,3197555,26104548,navn,2043630,2004-01-05,2013-05-31
576,3197555,26104548,navn,2043631,2001-06-25,2004-01-04
577,3197555,26104548,binavn,2043631,2001-06-25,2013-06-11
578,3197555,26104548,penhed,1008252242,2001-06-25,2006-12-31
579,3197555,26104548,penhed,1012801064,2006-01-01,2006-01-01
580,3197555,26104548,penhed,1012806031,2007-01-01,2013-05-31
581,3197555,26104548,virksomhedsstatus,1,2001-06-25,2013-05-05
582,3197555,26104548,virksomhedsstatus,2,2013-05-06,2013-05-30
583,3197555,26104548,virksomhedsstatus,10,2013-05-31,2013-05-31
584,3197555,26104548,virksomhedsform,80,2001-06-25,2013-05-31
585,3197555,26104548,hovedbranche,439990,2008-01-01,2013-05-31
586,3197555,26104548,hovedbranche,452540,2001-07-02,2005-12-31
587,3197555,26104548,hovedbranche,452540,2006-01-01,2006-12-31
588,3197555,26104548,hovedbranche,980000,2001-06-25,2001-07-01
589,3197555,26104548,hovedbranche,980000,2007-01-01,2007-12-31
590,3197555,26104548,telefonnummer,1609045,2003-03-11,2004-02-14
591,3197555,26104548,telefonnummer,1609046,2006-07-12,2013-05-31
592,3197555,26104548,telefaxnummer,1609047,2003-05-08,2004-02-14
593,3211286,27970192,navn,1095814,2004-07-07,2010-03-22
594,3211286,27970192,navn,1095815,2010-03-23,2015-12-01
595,3211286,27970192,binavn,6620,2004-07-07,2010-03-23
596,3211286,27970192,binavn,1095816,2004-07-07,2015-12-01
597,3211286,27970192,binavn,1095817,2004-07-07,2015-12-01
598,3211286,27970192,penhed,1010674081,2004-07-07,2015-12-01
599,3211286,27970192,virksomhedsstatus,1,2004-07-07,2015-10-18
600,3211286,27970192,virksomhedsstatus,2,2015-10-19,2015-11-30
601,3211286,27970192,virksomhedsstatus,10,2015-12-01,2015-12-01
602,3211286,27970192,virksomhedsform,80,2004-07-07,2015-12-01
603,3211286,27970192,hovedbranche,439990,2010-04-01,2015-12-01
604,3211286,27970192,hovedbranche,980000,2004-07-07,2007-12-31
605,3211286,27970192,hovedbranche,999999,2008-01-01,2010-03-31
606,3211286,27970192,telefonnummer,818732,2014-02-17,2015-12-01
607,3211286,27970192,elektroniskpost,818731,2014-02-17,2015-12-01
608,3213254,21313041,navn,2365134,1998-10-27,2200-01-01
609,3213254,21313041,penhed,1004849410,1998-10-27,2200-01-01
610,3213254,21313041,virksomhedsstatus,1,1998-10-27,2200-01-01
611,3213254,21313041,virksomhedsform,80,1998-10-27,2200-01-01
612,3213254,21313041,hovedbranche,439990,2013-10-01,2200-01-01
613,3213254,21313041,hovedbranche,652395,2003-01-01,2007-12-31
614,3213254,21313041,hovedbranche,701020,2008-01-01,2013-09-30
615,3213254,21313041,hovedbranche,980000,1998-10-27,2002-12-31
616,3213254,21313041,regnummer,183058,1998-10-27,1999-10-18
617,3213254,21313041,telefonnummer,1203472,2000-08-01,2004-06-07
618,3213254,21313041,telefaxnummer,1203473,2000-08-01,2004-06-07
619,3299708,27960480,navn,1217857,2004-12-02,2013-04-28
620,3299708,27960480,navn,1217858,2013-04-29,2016-01-07
621,3299708,27960480,penhed,1010967828,2004-12-02,2016-01-07
622,3299708,27960480,virksomhedsstatus,1,2004-12-02,2016-01-06
623,3299708,27960480,virksomhedsstatus,19,2016-01-07,2016-01-07
624,3299708,27960480,virksomhedsform,80,2004-12-02,2016-01-07
625,3299708,27960480,hovedbranche,439990,2013-05-27,2016-01-07
626,3299708,27960480,hovedbranche,980000,2004-12-02,2007-12-31
627,3299708,27960480,hovedbranche,999999,2008-01-01,2013-05-26
628,3299708,27960480,telefonnummer,908942,2010-03-25,2016-01-07
629,3338098,27658997,navn,1487081,2004-10-29,2009-08-17
630,3338098,27658997,navn,1487082,2004-03-22,2004-10-28
631,3338098,27658997,binavn,1487083,2004-03-22,2004-10-29
632,3338098,27658997,binavn,1487084,2004-03-22,2009-08-21
633,3338098,27658997,penhed,1010472063,2004-03-22,2009-08-17
634,3338098,27658997,virksomhedsstatus,1,2004-03-22,2007-03-21
635,3338098,27658997,virksomhedsstatus,3,2007-03-22,2009-08-16
636,3338098,27658997,virksomhedsstatus,4,2009-08-17,2009-08-17
637,3338098,27658997,virksomhedsform,80,2004-03-22,2009-08-17
638,3338098,27658997,hovedbranche,439990,2008-01-01,2009-08-17
639,3338098,27658997,hovedbranche,454500,2004-03-22,2007-12-31
640,3338098,27658997,status,3,2009-06-26,2009-08-17
641,3338098,27658997,status,19,2008-11-05,2009-06-25
642,3342013,28322232,navn,1791669,2005-01-07,2015-04-13
643,3342013,28322232,navn,1791670,2015-04-14,2016-08-31
644,3342013,28322232,navn,1791671,2016-09-01,2200-01-01
645,3342013,28322232,penhed,1011057485,2005-01-07,2200-01-01
646,3342013,28322232,virksomhedsstatus,1,2005-01-07,2200-01-01
647,3342013,28322232,virksomhedsform,80,2005-01-07,2200-01-01
648,3342013,28322232,hovedbranche,439990,2008-01-01,2009-12-31
649,3342013,28322232,hovedbranche,455000,2006-01-01,2007-12-31
650,3342013,28322232,hovedbranche,642020,2010-01-01,2200-01-01
651,3342013,28322232,hovedbranche,980000,2005-01-07,2005-12-31
652,3342013,28322232,telefonnummer,950790,2016-02-16,2200-01-01
653,3342013,28322232,elektroniskpost,990146,2016-02-16,2200-01-01
654,3351785,21596795,navn,2159723,1999-03-29,2200-01-01
655,3351785,21596795,penhed,1005051330,1999-04-01,2200-01-01
656,3351785,21596795,penhed,1006297621,1999-03-29,1999-03-31
657,3351785,21596795,virksomhedsstatus,1,1999-03-29,2013-05-02
658,3351785,21596795,virksomhedsstatus,3,2013-08-14,2200-01-01
659,3351785,21596795,virksomhedsstatus,2566,2013-05-03,2013-08-13
660,3351785,21596795,virksomhedsform,80,1999-03-29,2200-01-01
661,3351785,21596795,hovedbranche,439990,2012-05-02,2200-01-01
662,3351785,21596795,hovedbranche,494100,2008-01-01,2012-05-01
663,3351785,21596795,hovedbranche,602410,1999-03-29,2007-12-31
664,3351785,21596795,status,1,2013-08-16,2014-02-03
665,3351785,21596795,status,3,2017-03-10,2200-01-01
666,3351785,21596795,status,19,2014-02-04,2017-01-06
667,3351785,21596795,status,19,2017-01-07,2017-03-09
668,3351785,21596795,regnummer,168826,1999-03-29,1999-10-18
669,3351785,21596795,telefonnummer,544215,2000-01-23,2004-02-23
670,3351785,21596795,telefonnummer,1712477,2011-05-09,2200-01-01
671,3387506,27066801,navn,1490240,2003-03-13,2200-01-01
672,3387506,27066801,penhed,1009762279,2003-03-13,2200-01-01
673,3387506,27066801,virksomhedsstatus,1,2003-03-13,2200-01-01
674,3387506,27066801,virksomhedsform,80,2003-03-13,2200-01-01
675,3387506,27066801,hovedbranche,439990,2008-01-01,2200-01-01
676,3387506,27066801,hovedbranche,455000,2003-03-13,2007-12-31
677,3387506,27066801,bibranche1,451100,2003-03-13,2007-12-30
678,3387506,27066801,telefonnummer,1124911,2007-05-31,2200-01-01
679,3387506,27066801,elektroniskpost,1124910,2007-05-31,2200-01-01
680,3401632,28309732,navn,1917370,2004-12-21,2200-01-01
681,3401632,28309732,penhed,1011026199,2004-12-21,2200-01-01
682,3401632,28309732,virksomhedsstatus,1,2004-12-21,2200-01-01
683,3401632,28309732,virksomhedsform,80,2004-12-21,2200-01-01
684,3401632,28309732,hovedbranche,439990,2009-12-01,2200-01-01
685,3401632,28309732,hovedbranche,642020,2008-01-01,2009-11-30
686,3401632,28309732,hovedbranche,741500,2005-01-01,2007-12-31
687,3401632,28309732,hovedbranche,980000,2004-12-21,2004-12-31
688,3401632,28309732,bibranche1,682040,2013-01-01,2200-01-01
689,3401632,28309732,telefonnummer,1495757,2009-12-01,2200-01-01
690,3401632,28309732,elektroniskpost,1495756,2009-12-01,2200-01-01
691,3411827,28699379,navn,1626305,2013-01-16,2014-08-14
692,3411827,28699379,navn,1626306,2005-04-27,2013-01-15
693,3411827,28699379,penhed,1011312426,2005-04-27,2014-08-14
694,3411827,28699379,virksomhedsstatus,1,2005-04-27,2014-05-05
695,3411827,28699379,virksomhedsstatus,2,2014-05-06,2014-08-13
696,3411827,28699379,virksomhedsstatus,10,2014-08-14,2014-08-14
697,3411827,28699379,virksomhedsform,80,2005-04-27,2014-08-14
698,3411827,28699379,hovedbranche,439990,2013-01-01,2014-08-14
699,3411827,28699379,hovedbranche,980000,2005-04-27,2007-12-31
700,3411827,28699379,hovedbranche,999999,2008-01-01,2012-12-31
701,3447923,28683499,navn,1987311,2005-04-08,2007-03-01
702,3447923,28683499,navn,1987312,2007-03-02,2200-01-01
703,3447923,28683499,binavn,1987313,2005-04-08,2200-01-01
704,3447923,28683499,penhed,1008312776,2005-04-08,2200-01-01
705,3447923,28683499,virksomhedsstatus,1,2005-04-08,2200-01-01
706,3447923,28683499,virksomhedsform,80,2005-04-08,2200-01-01
707,3447923,28683499,hovedbranche,439990,2008-01-01,2014-02-16
708,3447923,28683499,hovedbranche,454500,2005-04-08,2007-12-31
709,3447923,28683499,hovedbranche,649900,2014-02-17,2200-01-01
710,3447923,28683499,bibranche1,433200,2008-01-01,2015-12-31
711,3464570,28889976,navn,1449025,2008-10-01,2009-12-10
712,3464570,28889976,navn,1449026,2005-07-01,2008-09-30
713,3464570,28889976,penhed,1011549299,2005-07-01,2009-12-10
714,3464570,28889976,virksomhedsstatus,1,2005-07-01,2009-02-04
715,3464570,28889976,virksomhedsstatus,2,2009-02-05,2009-03-22
716,3464570,28889976,virksomhedsstatus,3,2009-03-23,2009-12-09
717,3464570,28889976,virksomhedsstatus,4,2009-12-10,2009-12-10
718,3464570,28889976,virksomhedsform,80,2005-07-01,2009-12-10
719,3464570,28889976,hovedbranche,439990,2008-11-01,2009-12-10
720,3464570,28889976,hovedbranche,642020,2008-01-01,2008-10-31
721,3464570,28889976,hovedbranche,741500,2005-07-01,2007-12-31
722,3464570,28889976,status,1,2009-04-01,2009-07-13
723,3464570,28889976,status,3,2009-11-07,2009-12-10
724,3464570,28889976,status,19,2009-07-14,2009-11-06
725,3464570,28889976,telefonnummer,1036300,2008-11-01,2009-12-10
726,3464570,28889976,telefaxnummer,515414,2008-11-01,2009-12-10
727,3464570,28889976,elektroniskpost,515412,2008-11-01,2009-12-10
728,3466284,26597234,navn,2214725,2002-04-30,2005-10-06
729,3466284,26597234,navn,2214726,2005-10-07,2200-01-01
730,3466284,26597234,penhed,1009094810,2002-04-30,2200-01-01
731,3466284,26597234,virksomhedsstatus,1,2002-04-30,2200-01-01
732,3466284,26597234,virksomhedsform,80,2002-04-30,2200-01-01
733,3466284,26597234,hovedbranche,439990,2008-01-01,2200-01-01
734,3466284,26597234,hovedbranche,452590,2002-04-30,2007-12-31
735,3472254,16610437,navn,1224845,1992-11-20,2005-06-20
736,3472254,16610437,navn,1611464,2005-06-21,2200-01-01
737,3472254,16610437,binavn,1611465,1992-11-20,2200-01-01
738,3472254,16610437,penhed,1004771167,1998-11-09,2200-01-01
739,3472254,16610437,penhed,1005824243,1992-11-20,1998-11-08
740,3472254,16610437,virksomhedsstatus,1,1992-11-20,2004-02-29
741,3472254,16610437,virksomhedsstatus,1,2004-03-12,2016-01-19
742,3472254,16610437,virksomhedsstatus,2,2004-03-01,2004-03-11
743,3472254,16610437,virksomhedsstatus,2,2016-01-20,2200-01-01
744,3472254,16610437,virksomhedsform,80,1992-11-20,2200-01-01
745,3472254,16610437,hovedbranche,439990,2008-01-01,2200-01-01
746,3472254,16610437,hovedbranche,452590,1992-11-20,2007-12-31
747,3472254,16610437,regnummer,133189,1992-11-20,1999-10-18
748,3486734,81199310,navn,1320741,1979-06-01,2200-01-01
749,3486734,81199310,binavn,966288,1979-06-01,2009-08-18
750,3486734,81199310,penhed,1003202987,1992-01-01,2200-01-01
751,3486734,81199310,penhed,1006866947,1979-06-01,1991-12-31
752,3486734,81199310,virksomhedsstatus,1,1979-06-01,2200-01-01
753,3486734,81199310,virksomhedsform,60,1979-06-01,2200-01-01
754,3486734,81199310,hovedbranche,439990,2008-01-01,2200-01-01
755,3486734,81199310,hovedbranche,452100,1979-06-01,2007-12-31
756,3486734,81199310,bibranche1,466900,2008-01-02,2200-01-01
757,3486734,81199310,bibranche1,743090,1979-06-01,1996-12-31
758,3486734,81199310,bibranche1,743090,1997-01-01,2007-12-30
759,3486734,81199310,regnummer,112194,1979-06-01,1999-10-18
760,3486734,81199310,telefonnummer,983727,2000-01-23,2200-01-01
761,3486734,81199310,telefaxnummer,983728,2000-01-23,2004-01-12
762,3486734,81199310,telefaxnummer,983728,2004-12-10,2200-01-01
763,3486734,81199310,elektroniskpost,983726,2000-01-23,2200-01-01
764,3488144,28966865,navn,1104514,2005-08-11,2011-04-07
765,3488144,28966865,penhed,1011615550,2005-08-11,2011-04-07
766,3488144,28966865,virksomhedsstatus,1,2005-08-11,2009-08-18
767,3488144,28966865,virksomhedsstatus,2,2009-08-19,2010-05-02
768,3488144,28966865,virksomhedsstatus,3,2010-05-03,2011-04-06
769,3488144,28966865,virksomhedsstatus,4,2011-04-07,2011-04-07
770,3488144,28966865,virksomhedsform,80,2005-08-11,2011-04-07
771,3488144,28966865,hovedbranche,439990,2008-01-01,2011-04-07
772,3488144,28966865,hovedbranche,454500,2007-01-02,2007-12-31
773,3488144,28966865,hovedbranche,980000,2005-08-11,2007-01-01
774,3488144,28966865,status,1,2010-05-06,2011-03-09
775,3488144,28966865,status,3,2011-03-10,2011-04-07
776,3492172,28110030,navn,873224,2010-01-15,2011-01-04
777,3492172,28110030,navn,873225,2004-09-10,2010-01-13
778,3492172,28110030,navn,873226,2010-01-14,2010-01-14
779,3492172,28110030,penhed,1010770366,2004-09-10,2011-01-04
780,3492172,28110030,virksomhedsstatus,1,2004-09-10,2010-01-31
781,3492172,28110030,virksomhedsstatus,2,2010-02-01,2010-03-03
782,3492172,28110030,virksomhedsstatus,3,2010-03-04,2011-01-03
783,3492172,28110030,virksomhedsstatus,4,2011-01-04,2011-01-04
784,3492172,28110030,virksomhedsform,80,2004-09-10,2011-01-04
785,3492172,28110030,hovedbranche,439990,2008-01-01,2011-01-04
786,3492172,28110030,hovedbranche,455000,2004-09-10,2007-12-31
787,3492172,28110030,status,1,2010-03-09,2011-01-04
788,3562587,28858663,navn,2239787,2005-06-28,2200-01-01
789,3562587,28858663,penhed,1011511836,2005-06-28,2200-01-01
790,3562587,28858663,virksomhedsstatus,1,2005-06-28,2200-01-01
791,3562587,28858663,virksomhedsform,80,2005-06-28,2200-01-01
792,3562587,28858663,hovedbranche,439990,2008-01-01,2200-01-01
793,3562587,28858663,hovedbranche,452590,2005-10-01,2007-12-31
794,3562587,28858663,hovedbranche,980000,2005-06-28,2005-09-30
795,3562587,28858663,telefonnummer,25555,2005-12-01,2200-01-01
796,3623741,28705034,navn,1630809,2007-07-16,2010-11-23
797,3623741,28705034,navn,1630810,2005-04-01,2005-06-06
798,3623741,28705034,navn,1630811,2005-06-07,2007-07-15
799,3623741,28705034,penhed,1011328292,2005-04-01,2010-11-23
800,3623741,28705034,penhed,1013744757,2006-01-01,2010-11-23
801,3623741,28705034,virksomhedsstatus,1,2005-04-01,2009-02-18
802,3623741,28705034,virksomhedsstatus,3,2009-02-19,2010-11-22
803,3623741,28705034,virksomhedsstatus,4,2010-11-23,2010-11-23
804,3623741,28705034,virksomhedsform,80,2005-04-01,2010-11-23
805,3623741,28705034,hovedbranche,439990,2008-01-01,2010-11-23
806,3623741,28705034,hovedbranche,455000,2005-06-01,2007-12-31
807,3623741,28705034,hovedbranche,980000,2005-04-01,2005-05-31
808,3623741,28705034,bibranche1,431100,2008-01-02,2010-11-23
809,3623741,28705034,bibranche1,452100,2006-01-01,2007-12-30
810,3623741,28705034,status,1,2009-02-25,2010-11-01
811,3623741,28705034,status,3,2010-11-02,2010-11-23
812,3623741,28705034,telefonnummer,501321,2005-06-22,2010-11-23
813,3623741,28705034,telefaxnummer,1003799,2005-06-22,2010-11-23
814,3626350,28860277,navn,858357,2005-06-29,2012-05-24
815,3626350,28860277,penhed,1011514657,2005-06-29,2012-05-24
816,3626350,28860277,virksomhedsstatus,1,2005-06-29,2007-09-04
817,3626350,28860277,virksomhedsstatus,3,2007-09-05,2012-05-23
818,3626350,28860277,virksomhedsstatus,4,2012-05-24,2012-05-24
819,3626350,28860277,virksomhedsform,80,2005-06-29,2012-05-24
820,3626350,28860277,hovedbranche,439990,2008-01-01,2012-05-24
821,3626350,28860277,hovedbranche,455000,2005-06-29,2007-12-31
822,3626350,28860277,status,1,2007-09-21,2012-03-02
823,3626350,28860277,status,3,2012-05-08,2012-05-24
824,3626350,28860277,status,5,2012-03-03,2012-05-07
825,3632034,27633676,navn,1162426,2010-06-10,2013-10-06
826,3632034,27633676,navn,2119994,2007-11-15,2009-01-28
827,3632034,27633676,navn,2257668,2004-03-04,2007-11-14
828,3632034,27633676,navn,2257669,2009-01-29,2010-06-09
829,3632034,27633676,navn,2257670,2013-10-07,2200-01-01
830,3632034,27633676,penhed,1010441125,2004-03-04,2200-01-01
831,3632034,27633676,virksomhedsstatus,1,2004-03-04,2200-01-01
832,3632034,27633676,virksomhedsform,60,2007-11-15,2010-06-09
833,3632034,27633676,virksomhedsform,80,2004-03-04,2007-11-14
834,3632034,27633676,virksomhedsform,80,2010-06-10,2200-01-01
835,3632034,27633676,hovedbranche,439990,2013-10-07,2200-01-01
836,3632034,27633676,hovedbranche,475220,2008-01-01,2013-10-06
837,3632034,27633676,hovedbranche,524620,2004-03-11,2007-12-31
838,3632034,27633676,hovedbranche,980000,2004-03-04,2004-03-10
839,3632034,27633676,telefonnummer,1768180,2004-06-30,2017-03-06
840,3632034,27633676,telefonnummer,1782576,2017-03-07,2200-01-01
841,3632034,27633676,telefaxnummer,1782577,2004-06-30,2200-01-01
842,3632034,27633676,elektroniskpost,1782572,2004-06-30,2011-03-27
843,3652530,29408297,navn,611626,2008-11-01,2012-01-19
844,3652530,29408297,navn,611627,2006-03-09,2008-10-31
845,3652530,29408297,penhed,1012102387,2006-03-09,2012-01-19
846,3652530,29408297,virksomhedsstatus,1,2006-03-09,2010-05-16
847,3652530,29408297,virksomhedsstatus,2,2010-05-17,2011-10-11
848,3652530,29408297,virksomhedsstatus,3,2011-10-12,2012-01-18
849,3652530,29408297,virksomhedsstatus,4,2012-01-19,2012-01-19
850,3652530,29408297,virksomhedsform,80,2006-03-09,2012-01-19
851,3652530,29408297,hovedbranche,439990,2009-01-01,2012-01-19
852,3652530,29408297,hovedbranche,980000,2006-03-09,2007-12-31
853,3652530,29408297,hovedbranche,999999,2008-01-01,2008-12-31
854,3652530,29408297,status,1,2011-10-19,2011-12-15
855,3652530,29408297,status,3,2011-12-16,2012-01-19
856,3652530,29408297,telefonnummer,462637,2009-01-01,2012-01-19
857,3652530,29408297,telefaxnummer,462638,2009-01-01,2012-01-19
858,3652530,29408297,elektroniskpost,462634,2009-08-10,2012-01-19
859,3657894,29412308,navn,1804559,2006-03-13,2011-02-23
860,3657894,29412308,penhed,1012112072,2006-03-13,2011-02-23
861,3657894,29412308,virksomhedsstatus,1,2006-03-13,2010-08-11
862,3657894,29412308,virksomhedsstatus,2,2010-08-12,2010-09-29
863,3657894,29412308,virksomhedsstatus,3,2010-09-30,2011-02-22
864,3657894,29412308,virksomhedsstatus,4,2011-02-23,2011-02-23
865,3657894,29412308,virksomhedsform,80,2006-03-13,2011-02-23
866,3657894,29412308,hovedbranche,429000,2009-11-02,2011-02-23
867,3657894,29412308,hovedbranche,439990,2008-01-01,2009-11-01
868,3657894,29412308,hovedbranche,452520,2006-03-13,2007-12-31
869,3657894,29412308,status,1,2010-10-06,2011-01-20
870,3657894,29412308,status,3,2011-01-21,2011-02-23
871,3691793,29312125,navn,1636944,2005-12-31,2200-01-01
872,3691793,29312125,penhed,1011992419,2005-12-31,2200-01-01
873,3691793,29312125,virksomhedsstatus,1,2005-12-31,2200-01-01
874,3691793,29312125,virksomhedsform,80,2005-12-31,2200-01-01
875,3691793,29312125,hovedbranche,439990,2008-01-01,2200-01-01
876,3691793,29312125,hovedbranche,455000,2006-01-01,2007-12-31
877,3691793,29312125,hovedbranche,980000,2005-12-31,2005-12-31
878,3717913,29513139,navn,2034567,2008-08-15,2011-03-01
879,3717913,29513139,navn,2034568,2006-04-06,2008-08-14
880,3717913,29513139,binavn,2034569,2006-04-06,2011-03-21
881,3717913,29513139,penhed,1012201369,2006-04-06,2011-03-01
882,3717913,29513139,virksomhedsstatus,1,2006-04-06,2011-01-31
883,3717913,29513139,virksomhedsstatus,2,2011-02-01,2011-02-28
884,3717913,29513139,virksomhedsstatus,10,2011-03-01,2011-03-01
885,3717913,29513139,virksomhedsform,80,2006-04-06,2011-03-01
886,3717913,29513139,hovedbranche,439990,2008-07-01,2011-03-01
887,3717913,29513139,hovedbranche,980000,2006-04-06,2007-12-31
888,3717913,29513139,hovedbranche,999999,2008-01-01,2008-06-30
889,3740987,29219605,navn,2324117,2006-01-02,2006-08-18
890,3740987,29219605,navn,2324118,2006-08-19,2015-08-27
891,3740987,29219605,navn,2324119,2015-08-28,2200-01-01
892,3740987,29219605,penhed,1011929784,2006-01-02,2200-01-01
893,3740987,29219605,virksomhedsstatus,1,2006-01-02,2200-01-01
894,3740987,29219605,virksomhedsform,80,2006-01-02,2200-01-01
895,3740987,29219605,hovedbranche,439990,2015-04-01,2200-01-01
896,3740987,29219605,hovedbranche,642020,2013-01-01,2015-03-31
897,3740987,29219605,hovedbranche,980000,2006-01-02,2007-12-31
898,3740987,29219605,hovedbranche,999999,2008-01-01,2012-12-31
899,3807036,29615217,navn,1150699,2006-06-08,2006-06-08
900,3807036,29615217,navn,1150700,2006-06-09,2200-01-01
901,3807036,29615217,binavn,1150701,2006-06-08,2016-01-11
902,3807036,29615217,binavn,1150702,2006-06-08,2200-01-01
903,3807036,29615217,penhed,1012325017,2006-06-08,2200-01-01
904,3807036,29615217,virksomhedsstatus,1,2006-06-08,2200-01-01
905,3807036,29615217,virksomhedsform,80,2006-06-08,2200-01-01
906,3807036,29615217,hovedbranche,439990,2008-01-01,2200-01-01
907,3807036,29615217,hovedbranche,452590,2006-06-08,2007-12-31
908,3807036,29615217,bibranche1,11900,2010-12-01,2200-01-01
909,3820131,29604754,navn,1341653,2006-05-19,2007-08-14
910,3820131,29604754,navn,1341654,2007-08-15,2200-01-01
911,3820131,29604754,binavn,34271,2006-05-19,2200-01-01
912,3820131,29604754,binavn,1341655,2006-05-19,2200-01-01
913,3820131,29604754,binavn,1341656,2006-05-19,2200-01-01
914,3820131,29604754,binavn,1341657,2006-05-19,2200-01-01
915,3820131,29604754,binavn,1341658,2006-05-19,2200-01-01
916,3820131,29604754,penhed,1012300774,2006-05-19,2200-01-01
917,3820131,29604754,virksomhedsstatus,1,2006-05-19,2200-01-01
918,3820131,29604754,virksomhedsform,80,2006-05-19,2200-01-01
919,3820131,29604754,hovedbranche,439990,2008-01-01,2200-01-01
920,3820131,29604754,hovedbranche,454500,2007-07-01,2007-12-31
921,3820131,29604754,hovedbranche,980000,2006-05-19,2007-06-30
922,3920810,29778604,navn,1253826,2006-08-23,2011-04-17
923,3920810,29778604,navn,1253827,2011-04-18,2200-01-01
924,3920810,29778604,penhed,1012528422,2006-08-23,2200-01-01
925,3920810,29778604,virksomhedsstatus,1,2006-08-23,2200-01-01
926,3920810,29778604,virksomhedsform,80,2006-08-23,2200-01-01
927,3920810,29778604,hovedbranche,439990,2011-01-01,2200-01-01
928,3920810,29778604,hovedbranche,980000,2006-08-23,2007-12-31
929,3920810,29778604,hovedbranche,999999,2008-01-01,2010-12-31
930,3920810,29778604,telefonnummer,937302,2017-01-30,2200-01-01
931,3920810,29778604,elektroniskpost,937301,2017-01-30,2200-01-01
932,3932568,29848289,navn,1367472,2006-09-05,2014-01-20
933,3932568,29848289,navn,1367473,2014-01-21,2200-01-01
934,3932568,29848289,penhed,1012564739,2006-09-05,2200-01-01
935,3932568,29848289,virksomhedsstatus,1,2006-09-05,2200-01-01
936,3932568,29848289,virksomhedsform,80,2006-09-05,2200-01-01
937,3932568,29848289,hovedbranche,439990,2012-03-15,2200-01-01
938,3932568,29848289,hovedbranche,980000,2006-09-05,2007-12-31
939,3932568,29848289,hovedbranche,999999,2008-01-01,2012-03-14
940,3937120,29853436,navn,1593330,2006-09-14,2200-01-01
941,3937120,29853436,penhed,1012585647,2006-09-14,2200-01-01
942,3937120,29853436,virksomhedsstatus,1,2006-09-14,2015-10-15
943,3937120,29853436,virksomhedsstatus,1,2016-02-02,2200-01-01
944,3937120,29853436,virksomhedsstatus,2,2015-10-16,2016-02-01
945,3937120,29853436,virksomhedsform,80,2006-09-14,2200-01-01
946,3937120,29853436,hovedbranche,439990,2009-01-01,2200-01-01
947,3937120,29853436,hovedbranche,980000,2006-09-14,2007-12-31
948,3937120,29853436,hovedbranche,999999,2008-01-01,2008-12-31
949,3937120,29853436,telefonnummer,1211487,2009-01-01,2200-01-01
950,3985530,29184488,navn,1173033,2009-05-07,2014-05-22
951,3985530,29184488,navn,1173034,2005-11-21,2006-04-23
952,3985530,29184488,navn,1173035,2006-04-24,2009-05-06
953,3985530,29184488,penhed,1011849047,2005-11-21,2014-05-22
954,3985530,29184488,virksomhedsstatus,1,2005-11-21,2012-09-05
955,3985530,29184488,virksomhedsstatus,2,2012-09-06,2012-11-27
956,3985530,29184488,virksomhedsstatus,3,2012-11-28,2014-05-21
957,3985530,29184488,virksomhedsstatus,4,2014-05-22,2014-05-22
958,3985530,29184488,virksomhedsform,60,2005-11-21,2014-05-22
959,3985530,29184488,hovedbranche,439990,2009-01-01,2014-05-22
960,3985530,29184488,hovedbranche,642020,2008-01-01,2008-12-31
961,3985530,29184488,hovedbranche,741500,2006-04-25,2007-12-31
962,3985530,29184488,hovedbranche,980000,2005-11-21,2006-04-24